{"cameraMode":{"drawMode":0,"name":"Shaded","section":"Shading Mode"},"sceneLighting":true,"audioPlay":false,"sceneViewState":{"m_AlwaysRefresh":false,"showFog":true,"showSkybox":true,"showFlares":true,"showImageEffects":true,"showParticleSystems":true,"showVisualEffectGraphs":true,"m_FxEnabled":true},"in2DMode":false,"pivot":{"x":-24.365215301513673,"y":5.4857048988342289,"z":-13.623502731323243},"rotation":{"x":0.00019355832773726434,"y":-0.7916592359542847,"z":0.00024234945885837078,"w":0.6109818816184998},"size":7.356403350830078,"orthographic":false}