{"cameraMode":{"drawMode":0,"name":"Shaded","section":"Shading Mode"},"sceneLighting":false,"audioPlay":false,"sceneViewState":{"m_AlwaysRefresh":false,"showFog":true,"showSkybox":false,"showFlares":true,"showImageEffects":true,"showParticleSystems":true,"showVisualEffectGraphs":true,"m_FxEnabled":true},"in2DMode":false,"pivot":{"x":0.000009059906005859375,"y":4.14149284362793,"z":4.76837158203125e-7},"rotation":{"x":-0.15838272869586945,"y":0.23509544134140016,"z":-0.03885721415281296,"w":-0.9582033157348633},"size":4.4018096923828129,"orthographic":false}